C,gamma,cv_mean,cv_std,cv_min,cv_max
7.9,0.014,0.8438471233360805,0.008262699118778494,0.8287356281010063,0.8577863984190567
7.8,0.014,0.843841817657503,0.008385028510316181,0.8281666976745863,0.8583211215222967
7.9,0.01425,0.8438331068161925,0.008465477769555906,0.8287791945791818,0.8594502706470232
8.0,0.014,0.8438101898972762,0.0082264790723589,0.8287356281010063,0.8583145226716455
7.4,0.01475,0.8437908438492604,0.00865130452754613,0.8271524659600858,0.85892943088653
7.8,0.01425,0.8437885394024925,0.008211654926961402,0.8293396160423627,0.8588992177022086
7.6,0.01425,0.8437646820519443,0.008368245458648838,0.8281744565198303,0.8583211215222967
8.4,0.01375,0.8437548291807709,0.007920045467759236,0.829331680767027,0.8578162360689109
8.6,0.01375,0.8437207212742523,0.008152569995581883,0.8275999048806344,0.8572533250138739
8.0,0.01425,0.8437173774402568,0.008267701518531085,0.8282132956395107,0.8578807614229916
8.1,0.014,0.8437109481365498,0.008109095307170373,0.829331680767027,0.8577863984190567
8.1,0.01375,0.8437034286996871,0.008219256022101901,0.8281666976745863,0.8577863984190567
8.2,0.014,0.8437029005239459,0.008208382050619833,0.8287715758331167,0.8578162360689109
7.8,0.01475,0.8436846557808766,0.008091044307933788,0.829417272079646,0.8573178146538161
7.7,0.0145,0.8436836488334455,0.008472035360458133,0.8276873340655544,0.85892943088653
7.9,0.0145,0.8436809234454068,0.00802626156985756,0.8287723865646884,0.8567964999828186
7.7,0.01425,0.8436744974626583,0.008291373022858466,0.8287356281010063,0.8588992177022086
8.2,0.01375,0.8436669784139041,0.008193310562296462,0.828727553864963,0.8577863984190567
8.0,0.01375,0.8436580564715618,0.00798324440398885,0.8281666976745863,0.8572085151295569
8.25,0.014,0.8436574352100324,0.0080924982639611,0.8287715758331167,0.8578162360689109
7.6,0.0145,0.8436483516689612,0.008353636029665004,0.8282529985448988,0.8583785605849774
8.5,0.01375,0.8436464658293866,0.007914482213602764,0.829331680767027,0.8578162360689109
8.0,0.0145,0.8436438412404531,0.0079954274559341,0.8299436072873447,0.8573178146538161
7.5,0.0145,0.8436386425799568,0.0082990099148203,0.8282094320667233,0.8583785605849774
7.5,0.01425,0.8436300981599719,0.008183407378189294,0.8276676779956351,0.8572284658112255
8.4,0.014,0.8436262805418966,0.008132119397045003,0.828764553127447,0.856732619637012
7.5,0.01475,0.8436172209258875,0.008583471814589953,0.8271524659600858,0.8584079880008112
7.6,0.01475,0.8436131446195883,0.008326813514613932,0.8282770516870659,0.8573240239894143
8.2,0.01425,0.8435953396193221,0.008124547259124964,0.828764553127447,0.856732619637012
7.75,0.014,0.843586079212234,0.0082047333946975,0.8281666976745863,0.8572159387752951
8.5,0.014,0.8435854346683184,0.0081439896873649,0.828764553127447,0.856732619637012
8.5,0.0135,0.8435805466729096,0.0078731601882682,0.829247628332805,0.8572227005611085
8.6,0.0135,0.8435749487204647,0.007690364454380056,0.829247628332805,0.856702154191856
7.9,0.01475,0.8435749045996388,0.008074418568706566,0.8294092470675525,0.8573178146538161
8.85,0.0135,0.8435605978341558,0.0081211429387145,0.8281615148261131,0.8570474239729176
8.75,0.0135,0.8435569421622097,0.0077969707061748,0.829247628332805,0.8572533250138739
8.25,0.0135,0.8435507493317719,0.0079265545133184,0.8275491188243621,0.8566448571730014
8.3,0.01375,0.8435496414034954,0.00794376199639641,0.829331680767027,0.8572658121484114
8.75,0.014,0.8435417645938429,0.0079901907925142,0.829330592166297,0.856732619637012
8.4,0.0135,0.8435413637487943,0.008174639453858438,0.8280817288022742,0.8577425876531161
7.75,0.0145,0.8435297833260766,0.008463200323333,0.8276873340655544,0.8578864888612565
8.1,0.0145,0.8435283237076708,0.007988511059667561,0.8297285597130445,0.8573178146538161
8.3,0.0135,0.843514116569776,0.007991581272850937,0.8280686303730189,0.8572227005611085
9.75,0.013,0.8435067883831622,0.0077731823232189,0.8298444667808911,0.8562153772649709
8.3,0.014,0.8435035189116067,0.008098621867192313,0.8282055367942667,0.8572533250138739
7.8,0.0145,0.8435025243974695,0.008394310944183981,0.8276873340655544,0.8578864888612565
9.25,0.013,0.8434998591352062,0.0078618547813731,0.829247628332805,0.8566820856176164
7.4,0.015,0.843497171806098,0.008332811662758224,0.8282770516870659,0.8573240239894143
7.4,0.0145,0.8434967571982681,0.008565678383491116,0.8271420917695065,0.8583785605849774
7.7,0.014,0.8434810451770883,0.008053532644327439,0.8281666976745863,0.856636159036642
8.0,0.0135,0.843477369078581,0.0082048465396996,0.8270494377398522,0.8566141677024294
7.8,0.01375,0.8434752232068556,0.008303326195957729,0.8270494377398522,0.8577503287489496
9.0,0.013,0.8434666257828969,0.007750657434113,0.8285880277518187,0.856162653973888
7.5,0.015,0.8434645375124692,0.0082900213968596,0.8285684581941192,0.8578454106885753
7.7,0.01475,0.8434626810072727,0.008068230501877657,0.829081326756348,0.8578454106885753
8.2,0.0145,0.8434574727734536,0.007903011938832253,0.8297285597130445,0.8567899999790833
7.6,0.015,0.8434573807741562,0.008401125714869841,0.8285684581941192,0.8573178146538161
8.25,0.0145,0.8434550484581871,0.0078991047689359,0.829215226581833,0.856740365715098
7.9,0.01375,0.843446870717115,0.008209034603809857,0.827041613019254,0.8566801662944058
8.1,0.01425,0.8434454161375537,0.007858465566344066,0.828764553127447,0.8562113049660145
8.2,0.0135,0.843442112241677,0.007958909286170712,0.8275565460779565,0.8561165926337093
8.0,0.01475,0.8434158470848199,0.007884555922051045,0.8297285597130445,0.8564938767983731
8.3,0.0145,0.8434118601114401,0.007868191939551274,0.829215226581833,0.856740365715098
8.4,0.01425,0.8434116815232975,0.007939433378544913,0.8297285597130445,0.856732619637012
8.1,0.0135,0.8434074642165876,0.007944756446973447,0.8275565460779565,0.8560509155536092
8.6,0.014,0.8433988795419193,0.008033186009362007,0.8287250483429236,0.856732619637012
9.0,0.0145,0.8433978039126383,0.0083555274813934,0.828391237434431,0.8559370881753845
9.25,0.014,0.8433928205634014,0.0079807461002084,0.8284229150769069,0.8558976143417616
7.8,0.015,0.8433886152886664,0.007984931633596315,0.8293641779627728,0.8562125510403653
8.3,0.01425,0.8433758837271113,0.008006380917159325,0.829330592166297,0.856732619637012
8.5,0.01425,0.8433724921860682,0.007867034154077992,0.8297285597130445,0.856732619637012
8.5,0.015,0.8433659548090393,0.008221066254739,0.8289134319706042,0.8565081897457054
7.6,0.014,0.8433650262486563,0.008091744282676543,0.8276595234611279,0.8572000961727685
8.85,0.013,0.8433631270811618,0.0078250008027355,0.8280761322186108,0.8566820856176164
9.75,0.0125,0.8433587074067916,0.0075634914462036,0.8297199318627693,0.8553579098597499
8.75,0.0145,0.8433566279939134,0.0079048199316639,0.8289758629363392,0.8561552576076539
7.75,0.015,0.843356135968351,0.0078833137238369,0.8293641779627728,0.8562125510403653
9.0,0.0135,0.8433506285057596,0.0078727170301188,0.8281582555489716,0.856169960753359
7.7,0.015,0.843343926830706,0.008058965728428588,0.8293564114724126,0.856740365715098
10.0,0.0125,0.8433432111734259,0.0077398060667257,0.8292005721650249,0.8561178771620348
8.6,0.015,0.8433306926954757,0.00825396137003012,0.8289134319706042,0.8566615281109613
8.4,0.015,0.843322978778336,0.008138644788796731,0.8287966857190537,0.8559845576913392
8.6,0.01475,0.8433204204331773,0.007948736966567775,0.828399125596954,0.8553805512600656
7.6,0.01375,0.8433196276502744,0.00840501372352213,0.8276484007953879,0.8577298099390664
9.5,0.013,0.8433152415705902,0.0080342356405348,0.8286811009667674,0.8566697536255234
8.1,0.01475,0.8433077588881065,0.00798941060635701,0.8291799336534281,0.856740365715098
9.5,0.0125,0.8432927626253339,0.0077435772509721,0.8280761322186108,0.8556568338011564
8.75,0.013,0.8432902874202617,0.0078154727752912,0.8280761322186108,0.8561757473650957
8.6,0.01425,0.8432897106034013,0.007721037530743785,0.8297285597130445,0.8566835189725146
7.7,0.01375,0.8432827718682268,0.008423060083301312,0.8270494377398522,0.8571644002786105
8.1,0.015,0.8432654097730282,0.00803350400072361,0.8290990535172368,0.8566759819718394
7.4,0.01425,0.843260128794165,0.008150782345997571,0.8276676779956351,0.8577285154242639
8.6,0.0145,0.8432499359609997,0.008014505365267644,0.8279984086624635,0.8561552576076539
7.9,0.0135,0.8432484861795668,0.008381999160091915,0.8270494377398522,0.8577298099390664
8.85,0.0145,0.8432460317920804,0.0078846445469404,0.8289758629363392,0.8555701695618841
10.0,0.014,0.8432411825383308,0.0085398617475696,0.8281874726886714,0.8560996161288268
7.9,0.015,0.8432335983713855,0.007997740583025513,0.8293641779627728,0.856740365715098
8.2,0.015,0.8432213748947841,0.008060120771556977,0.8284318722626076,0.8561474282197638
7.5,0.014,0.8432209750242886,0.0080710216075406,0.8276676779956351,0.8572000961727685
8.85,0.014,0.8432196357510631,0.0079484227813276,0.8291698013734832,0.8572608810018726
9.25,0.0125,0.8432191256452563,0.0078438792433499,0.8275565460779565,0.8556453775362037
8.25,0.015,0.8432174133776529,0.0080668507959236,0.8284318722626076,0.8555616705188965
7.8,0.0135,0.8432146000524037,0.008495574177401431,0.8265287816855225,0.8571791329575124
8.3,0.015,0.8432141090126495,0.00804063908978539,0.8284318722626076,0.8554238036150508
8.5,0.0145,0.8432120868300891,0.0080233495206435,0.8280554716469981,0.8561552576076539
7.7,0.0135,0.843208517169892,0.008360966587073679,0.8276539781449154,0.8577862908258742
8.2,0.01475,0.8431876001384612,0.008000624696735889,0.8285855845957915,0.856740365715098
8.4,0.0145,0.8431865181229146,0.007779265642740036,0.829215226581833,0.8561552576076539
8.0,0.015,0.843186279691854,0.0080893285904475,0.8290990535172368,0.856740365715098
8.4,0.01475,0.8431828051399772,0.0079293498364044,0.8285290039855812,0.8561552576076539
8.5,0.01475,0.8431821268074081,0.008031441849291086,0.82786875367097,0.8556267754449924
8.75,0.015,0.8431809872040781,0.0083551934841195,0.8282980661945916,0.8561400289714066
8.5,0.013,0.8431809632271421,0.0079854668033959,0.8275565460779565,0.8571791329575124
8.25,0.013,0.8431521795671807,0.0083145263650523,0.8270546959571705,0.8577871350240172
9.25,0.0135,0.8431458383069186,0.0078950055619011,0.8297407419273146,0.856169960753359
10.0,0.013,0.8431421320219056,0.0079076423773946,0.8298499895450968,0.8564466328256161
9.5,0.014,0.8431416783583806,0.0083470707137628,0.8278123544711748,0.8558976143417616
8.0,0.0155,0.8431389196492752,0.0082752190272371,0.8278488317296228,0.8565081897457054
7.5,0.01375,0.8431379409987912,0.008361956967819072,0.8276539781449154,0.8571791329575124
7.5,0.0155,0.8431216917053899,0.0081849310168726,0.8279664472729453,0.8562125510403653
9.25,0.0145,0.8431163966229326,0.0084623621865359,0.828391237434431,0.8566615281109613
9.5,0.0135,0.8431044604047756,0.0079302374540717,0.8296771971990066,0.8564830335025981
9.0,0.014,0.8430993139586556,0.0078787663928866,0.8291698013734832,0.8566835189725146
7.4,0.014,0.8430957207381755,0.008157838144795896,0.8271420917695065,0.8566141677024294
9.75,0.0135,0.8430937659779136,0.0079072859778435,0.8290663097865376,0.8556344624397417
8.25,0.0155,0.8430903919886933,0.0083035595904196,0.8277680872484576,0.8559760034768356
8.3,0.01475,0.8430701849776394,0.007997921076000617,0.8285855845957915,0.8561552576076539
7.4,0.01375,0.8430645997905521,0.008421473362976701,0.8271193742769781,0.8566593420660633
7.75,0.0135,0.8430610639232462,0.0083335398574007,0.8271334677366857,0.8571791329575124
8.85,0.015,0.8430607833077824,0.0084286139976594,0.8282980661945916,0.8566615281109613
8.75,0.0155,0.8430351699365958,0.0084866048146179,0.8283020284239877,0.8554457485594031
10.0,0.012,0.8430315574988109,0.0076735191107735,0.8281273911107319,0.8561748882629239
9.5,0.0145,0.8430089229006009,0.0087954719176272,0.827829396650007,0.8566615281109613
9.25,0.0155,0.8430022325277288,0.0081522045642517,0.8288030946254586,0.8554678186958109
9.75,0.015,0.8430005018400498,0.0086152113969748,0.8278194406736789,0.85598865550039
7.6,0.0135,0.8429965895738062,0.00842407177073543,0.8271193742769781,0.857266499934425
10.0,0.0135,0.8429889490086141,0.0081912766008223,0.8283799116598239,0.8558501596647037
9.0,0.0125,0.8429609436247373,0.0079747721293701,0.8275617289264297,0.8567845330749697
7.75,0.0155,0.8429564654342222,0.0080801978210276,0.8272982641614749,0.8561673349728567
9.75,0.012,0.8429336085015311,0.0077220909343101,0.8276129878185507,0.8557028170819013
7.4,0.0135,0.8429273818530427,0.008199689619142529,0.8277024871632017,0.8567163377745883
9.0,0.0155,0.8429232127192734,0.0082730917792943,0.828285740011936,0.8548627139020346
9.0,0.015,0.8429192238688905,0.0086815285159637,0.8281799998971678,0.8566615281109613
9.75,0.014,0.842901574994769,0.0083453890639388,0.8272985832215956,0.8553657404590536
8.85,0.0125,0.8428954011144913,0.008245411715616,0.826520940095897,0.8572886610867269
9.25,0.015,0.8428912263783773,0.0086182036011598,0.8283345879011594,0.8571243746735597
8.5,0.0155,0.8428760731569459,0.0083334827571717,0.8282656872011193,0.8555331103155807
9.5,0.012,0.8428583664675569,0.0082117501656542,0.8271064261159953,0.8573614313588025
10.0,0.0155,0.8428569591498593,0.0078747556520026,0.8288767031533946,0.8543440143338127
7.5,0.0135,0.842851385608572,0.0084736548841742,0.8271193742769781,0.857266499934425
9.5,0.015,0.8428495161367786,0.0086986025483925,0.8272410236098943,0.8559669941837303
8.85,0.0155,0.8428479199064494,0.0083435766516527,0.8283020284239877,0.8549051043770266
10.0,0.015,0.8428246879564985,0.0080738583062006,0.8282833386964665,0.8560177619805965
8.75,0.0125,0.8428139938413579,0.0083397465192129,0.826520940095897,0.8573119921165955
9.75,0.0145,0.8427965924192774,0.0087451878037162,0.8275739655001982,0.8566040558394479
10.0,0.0145,0.8427819199984891,0.0086219000280143,0.8276303635070791,0.8565179765919162
9.25,0.012,0.8427476516772171,0.0084520835885029,0.8271334677366857,0.8579338345507452
8.5,0.0125,0.8426716883872546,0.0085787833686851,0.8266072039473387,0.8573573512076109
9.5,0.0155,0.8426663543426434,0.0078271302277962,0.8282833386964665,0.8537811941587342
7.75,0.013,0.8426400067083362,0.0083690560086996,0.8277557336797782,0.8578107548908188
9.0,0.0115,0.8426377483517496,0.0084249545251136,0.8266404282754694,0.8601338729706579
8.0,0.013,0.8425906892829824,0.0085426422431668,0.826514688225815,0.8572678451947537
9.75,0.0155,0.842567691939554,0.007997798424808,0.8276946749906517,0.8537811941587342
8.5,0.0115,0.8425562644170697,0.0082733295983887,0.8282798778497525,0.8591401923165282
9.0,0.012,0.8425400541697556,0.0087751501441893,0.826024403109868,0.8590843478415333
10.0,0.0115,0.8425351824022637,0.0082334626615285,0.8276536796120091,0.8580126808619608
8.5,0.012,0.8425204016056695,0.0084648819004555,0.8277108390436859,0.8585154389655982
9.25,0.0115,0.8424832063794029,0.0084047348223368,0.8271524422576069,0.8590716685284578
8.85,0.012,0.8424659149860578,0.0087074187255987,0.8254897429189328,0.8590843478415333
8.25,0.0125,0.8424170479826044,0.008545841319511,0.8260720907597481,0.858507694607899
7.5,0.013,0.8424049909828744,0.0083587037292193,0.8277557336797782,0.8568170831628974
8.75,0.012,0.8423993632183705,0.0087746184543838,0.8254897429189328,0.8590843478415333
8.0,0.012,0.8423967402510049,0.0080560988254543,0.8288847909079221,0.8579278674819113
8.75,0.0115,0.8423836861938414,0.0083968008802546,0.8271868237011641,0.8596127940695834
8.85,0.0115,0.8423163016593459,0.0083020933542255,0.8266807671124717,0.859092176853745
8.25,0.012,0.8423013385025894,0.0084228453619416,0.8272001121468812,0.859092176853745
9.5,0.0115,0.8422889798162692,0.0083609682904509,0.8265918803288859,0.8590716685284578
7.75,0.012,0.8422704623553634,0.0080051505941189,0.8294776466822292,0.85855130887842
8.25,0.0115,0.8422445109283553,0.00842799738464,0.8283567237651815,0.85855130887842
8.0,0.0125,0.8422355607778486,0.0086797075889346,0.8260484238077099,0.8579868852135226
9.75,0.0115,0.8422243485702301,0.0085495135891351,0.8265450998578908,0.859091297216916
7.75,0.0125,0.842191535336903,0.0085053177617456,0.8278026231155243,0.8584694988284327
7.5,0.012,0.8421125776011597,0.0083159114275762,0.8289784578210954,0.8590904507810138
7.5,0.0125,0.8420991603008865,0.0080518173742881,0.8278026231155243,0.857928559591911
8.0,0.0115,0.8420764588436958,0.0085430995613814,0.8289208396879137,0.85964004823459
7.75,0.0115,0.8420086340638143,0.0083662095627876,0.8288429881627619,0.8590344462908516
7.5,0.0115,0.841527955936467,0.0085678211564619,0.827922453363029,0.8590233876511668
